Name,Tier,Type,Fiber,Hide,Ore,Stone,Wood,Dungeon_Elite,Dungeon_Group,Dungeon_Solo,Roads_Group,Roads_Raid,Roads_Solo,Road Dungeons,Road Chests,Short Form,Remarks
cases-ugumlos,5,Low Black Road,,1,1,,,,1,,,,1,,,casugu,
casitos-alieam,7,Low Road,,,1,,1,,,,1,,,,,casali,
casitos-atinaum,5,High Black Road,,,,1,1,,,,1,1,1,,,casati,
casitos-avaelum,5,Royal Road,,,1,,1,,,,1,,1,,,casava,
casos-aiagsum,6,Low Road,1,,,1,,,1,1,1,,1,,,casaia,
casos-aximam,6,Low Black Road,1,,,,,,,1,1,,,,,casaxi,
casos-ayosrom,6,Low Black Road,,1,,1,1,,1,,,,1,,,casayo,
casos-uruxtum,5,Royal Road,,1,,,,,,1,1,,1,,,casuru,
cebitos-aeaylum,5,Royal Road,,,1,1,1,,,1,1,,1,,,cebaea,
cebos-avemlum,5,Low Black Road,1,,1,1,,,,,1,,1,,,cebave,
ceres-iooinum,4,Royal Road,,,,,1,,,1,1,,,,,cerioo,
ceritos-avulsum,5,Low Black Road,1,1,,,,,,1,1,,1,,,ceravu,
ceros-aeaylum,5,Royal Road,,,1,1,1,,,1,1,,1,,,ceraea,
cetitos-aiayrom,5,Low Black Road,1,,,1,,,,1,1,,1,,,cetaia,
cetitos-avixnum,5,Royal Road,,,,,1,,,,1,,1,,,cetavi,
cetitos-aximam,6,Low Black Road,1,,,,,,,1,1,,,,,cetaxi,
cetos-obaelos,4,Royal Road,,,,,,,,1,1,,1,,,cetoba,
cieites-ugumlos,5,Low Black Road,,1,1,,,,1,,,,1,,,cieugu,
cieitos-avioaum,6,Low Road,,1,,1,1,,,1,1,,,,,cieavi,
cieitos-ayosrom,6,Low Black Road,,1,,1,1,,1,,,,1,,,cieayo,
cieitos-obaelos,4,Royal Road,,,,,,,,1,1,,1,,,cieoba,
cieitos-otatrom,8,Deep Road,,1,1,1,,1,,,,1,,,,cieota,
cieos-atatlum,8,High Road,,1,1,,,,1,,1,1,,,,cieata,
cilitos-opodam,7,Medium Road,,1,1,,1,,1,,1,1,,,,cilopo,
cilos-avioaum,6,Low Road,,1,,1,1,,,1,1,,,,,cilavi,
cilos-ofailos,6,Low Road,,,,,,,1,1,1,,1,,,cilofa,
cilos-otatrom,8,Deep Road,,1,1,1,,1,,,,1,,,,cilota,
conitos-ofailos,6,Low Road,,,,,,,1,1,1,,1,,,conofa,
conitos-oxaeaum,5,Low Road,,1,1,,1,,1,,1,,,,,conoxa,
conitos-uruxtum,5,Royal Road,,1,,,,,,1,1,,1,,,conuru,
conos-avaelum,5,Royal Road,,,1,,1,,,,1,,1,,,conava,
coritos-avemlum,5,Low Black Road,1,,1,1,,,,,1,,1,,,corave,
coros-aiayrom,5,Low Black Road,1,,,1,,,,1,1,,1,,,coraia,
coros-alieam,7,Low Road,,,1,,1,,,,1,,,,,corali,
coros-atinaum,5,High Black Road,,,,1,1,,,,1,1,1,,,corati,
coues-exakrom,4,Royal Road,,,,1,,,,,1,,1,,,couexa,
couos-ayayaum,6,Medium Black Road,,,1,1,1,,,,1,,1,,,couaya,
couos-opodam,7,Medium Road,,1,1,,1,,1,,1,1,,,,couopo,
curites-exakrom,4,Royal Road,,,,1,,,,,1,,1,,,curexa,
curitos-ayayaum,6,Medium Black Road,,,1,1,1,,,,1,,1,,,curaya,
curos-avulsum,5,Low Black Road,1,1,,,,,,1,1,,1,,,curavu,
cuyites-iooinum,4,Royal Road,,,,,1,,,1,1,,,,,cuyioo,
cynitos-aiagsum,6,Low Road,1,,,1,,,1,1,1,,1,,,cynaia,
cynitos-atatlum,8,High Road,,1,1,,,,1,,1,1,,,,cynata,
cynos-avixnum,5,Royal Road,,,,,1,,,,1,,1,,,cynavi,
cynos-oxaeaum,5,Low Road,,1,1,,1,,1,,1,,,,,cynoxa,
fasites-azazsum,7,Deep Road,1,,,,1,,,,,,,,,fasaza,
fasitos-atezsum,7,Low Road,1,,,1,1,,,,,1,,,,fasate,
fasitos-oleraum,8,High Black Road,,,1,1,1,,,,,,1,,,fasole,
fasitos-oyuctum,8,Medium Road,,1,,,1,,1,,1,1,,,,fasoyu,
fasos-ayiotum,6,Low Black Road,1,1,,,1,,,,1,,1,,,fasayi,
febites-opavun,7,Deep Road,,,1,,,,1,,1,1,,,,febopa,
febos-acalun,8,Low Road,1,,1,,1,1,,,1,1,,,,febaca,
ferites-ohohtum,7,Deep Road,,1,,,,1,,,,,,,,feroho,
feritos-enomaum,5,Low Road,1,,1,1,1,,,,,,,,,fereno,
feritos-osinsum,6,Medium Road,1,,,1,1,,1,,1,1,,,,ferosi,
feros-oyuctum,8,Medium Road,,1,,,1,,1,,1,1,,,,feroyu,
fetos-aiaylos,5,Low Black Road,,,,,,,1,1,1,,1,,,fetaia,
fiees-ohohtum,7,Deep Road,,1,,,,1,,,,,,,,fieoho,
fieites-unavtum,5,Low Black Road,,1,,,,,1,1,1,,1,,,fieuna,
fieos-aiuttum,8,High Black Road,,1,,,,,,,,,1,,,fieaiu,
fieos-atezsum,7,Low Road,1,,,1,1,,,,,1,,,,fieate,
files-azazsum,7,Deep Road,1,,,,1,,,,,,,,,filaza,
filites-izohun,6,Deep Road,,,,,1,1,,,,1,,,,filizo,
filitos-uzazlum,8,Medium Road,1,,1,1,1,,,,,,,,,filuza,
filos-abalam,8,Low Road,,,,,,1,,,1,1,1,,,filaba,
firitos-alodrom,6,Low Road,,,1,1,,,,,1,1,1,,,firalo,
firos-aiavam,7,High Black Road,,1,,1,1,,,,1,,1,,,firaia,
firos-enomaum,5,Low Road,1,,1,1,1,,,,,,,,,fireno,
firos-ezatam,6,Low Road,,,1,1,,,,,1,1,1,,,fireza,
firos-osinsum,6,Medium Road,1,,,1,1,,1,,1,1,,,,firosi,
fones-opavun,7,Deep Road,,,1,,,,1,,1,1,,,,fonopa,
fonitos-amaurom,5,Medium Black Road,1,,,1,,,1,,,,1,,,fonama,
fonos-aiugsum,6,Low Road,1,1,1,,,,,,1,,1,,,fonaiu,
fonos-oleraum,8,High Black Road,,,1,1,1,,,,,,1,,,fonole,
foritos-aiaylos,5,Low Black Road,,,,,,,1,1,1,,1,,,foraia,
foros-egoisum,5,Low Black Road,1,1,,1,,,,1,1,,1,,,forego,
foros-uzazlum,8,Medium Road,1,,1,1,1,,,,,,,,,foruza,
foues-aeaosum,5,Low Road,1,,,,,,,,1,,,,,fouaea,
fouitos-aiuttum,8,High Black Road,,1,,,,,,,,,1,,,fouaiu,
fouos-agosaum,5,Low Black Road,1,,,1,1,,1,,1,,1,,,fouago,
fouos-amaurom,5,Medium Black Road,1,,,1,,,1,,,,1,,,fouama,
furitos-aiavam,7,High Black Road,,1,,1,1,,,,1,,1,,,furaia,
fuyes-izohun,6,Deep Road,,,,,1,1,,,,1,,,,fuyizo,
fuyitos-acalun,8,Low Road,1,,1,,1,1,,,1,1,,,,fuyaca,
fuyitos-ayiotum,6,Low Black Road,1,1,,,1,,,,1,,1,,,fuyayi,
fynes-unavtum,5,Low Black Road,,1,,,,,1,1,1,,1,,,fynuna,
fynites-aeaosum,5,Low Road,1,,,,,,,,1,,,,,fynaea,
fynitos-abalam,8,Low Road,,,,,,1,,,1,1,1,,,fynaba,
fynitos-agosaum,5,Low Black Road,1,,,1,1,,1,,1,,1,,,fynago,
fynitos-aiugsum,6,Low Road,1,1,1,,,,,,1,,1,,,fynaiu,
fynitos-egoisum,5,Low Black Road,1,1,,1,,,,1,1,,1,,,fynego,
fynitos-ezatam,6,Low Road,,,1,1,,,,,1,1,1,,,fyneza,
fynos-alodrom,6,Low Road,,,1,1,,,,,1,1,1,,,fynalo,
hasitos-avaolum,6,Low Black Road,1,,1,,,,,,1,,,,,hasava,
hasitos-umayaum,5,Low Black Road,1,1,,,1,,,1,1,,1,,,hasuma,
hasos-agoitum,5,Low Black Road,1,1,,,,,,1,1,,1,,,hasago,
hasos-ayousum,6,Low Black Road,1,,1,,,,,,,,1,,,hasayo,
hasos-inayaum,5,Low Black Road,,,,,1,,,,1,,1,,,hasina,
hasos-iuimaum,5,Low Black Road,1,1,,,1,,,1,1,,1,,,hasiui,
hasos-osuorom,6,Medium Black Road,,1,,1,,,1,,1,,,,,hasosu,
hebes-ouaylos,5,Low Road,,,1,,,,,,,1,1,,,heboua,
hebites-exemrom,5,Low Road,,,,1,,,,,,,,,,hebexe,
hebitos-atontum,8,High Road,,1,1,,,,1,,,1,,,,hebato,
hebos-ulamsum,5,Royal Road,1,1,1,,1,,,,1,,1,,,hebula,
heritos-exozlos,5,Low Black Road,,,1,1,,,1,1,1,,1,,,herexo,
heritos-eyoztum,5,Low Black Road,,1,1,1,,,,1,1,,,,,hereyo,
heritos-inayaum,5,Low Black Road,,,,,1,,,,1,,1,,,herina,
heros-atoyam,7,High Black Road,,,,,,,1,,1,1,1,,,herato,
hetitos-iuaerom,5,Royal Road,,,,1,1,,,,1,,1,,,hetiua,
hieos-aiigaum,6,Low Road,,,,,1,,,1,1,,1,,,hieaii,
hieos-avaolum,6,Low Black Road,1,,1,,,,,,1,,,,,hieava,
hiles-izizaum,8,Deep Road,,,,,1,,,,,,,,,hilizi,
hilites-ugumtum,5,Royal Road,,1,,,,,,,1,,1,,,hilugu,
hilitos-aiigaum,6,Low Road,,,,,1,,,1,1,,1,,,hilaii,
hilitos-osuorom,6,Medium Black Road,,1,,1,,,1,,1,,,,,hilosu,
hiros-exozlos,5,Low Black Road,,,1,1,,,1,1,1,,1,,,hirexo,
hiros-iuaerom,5,Royal Road,,,,1,1,,,,1,,1,,,hiriua,
honites-izizaum,8,Deep Road,,,,,1,,,,,,,,,honizi,
honitos-uxeulum,4,Royal Road,,1,1,1,,,1,,1,,1,,,honuxe,
honos-oyezam,7,Low Road,,,,1,,,1,,1,,,,,honoye,
honos-umayaum,5,Low Black Road,1,1,,,1,,,1,1,,1,,,honuma,
horos-ohenlum,7,High Road,,,1,1,,1,,,1,1,,,,horohe,
hures-ugumtum,5,Royal Road,,1,,,,,,,1,,1,,,hurugu,
hurites-ieatun,6,Deep Road,,,,,1,1,,,,1,,,,huriea,
hurites-ouaylos,5,Low Road,,,1,,,,,,,1,1,,,huroua,
huritos-iuimaum,5,Low Black Road,1,1,,,1,,,1,1,,1,,,huriui,
huritos-oiaelos,5,Royal Road,,,,,,,,1,1,,1,,,huroia,
huros-atontum,8,High Road,,1,1,,,,1,,,1,,,,hurato,
huyes-ogozlum,5,Low Black Road,,,1,,,,,1,1,,,,,huyogo,
huyitos-agoitum,5,Low Black Road,1,1,,,,,,1,1,,1,,,huyago,
huyitos-ohenlum,7,High Road,,,1,1,,1,,,1,1,,,,huyohe,
huyos-eyoztum,5,Low Black Road,,1,1,1,,,,1,1,,,,,huyeyo,
huyos-uxeulum,4,Royal Road,,1,1,1,,,1,,1,,1,,,huyuxe,
hynes-exemrom,5,Low Road,,,,1,,,,,,,,,,hynexe,
hynes-ieatun,6,Deep Road,,,,,1,1,,,,1,,,,hyniea,
hynites-ogozlum,5,Low Black Road,,,1,,,,,1,1,,,,,hynogo,
hynitos-atoyam,7,High Black Road,,,,,,,1,,1,1,1,,,hynato,
hynitos-ayousum,6,Low Black Road,1,,1,,,,,,,,1,,,hynayo,
hynitos-oyezam,7,Low Road,,,,1,,,1,,1,,,,,hynoye,
hynitos-ulamsum,5,Royal Road,1,1,1,,1,,,,1,,1,,,hynula,
hynos-oiaelos,5,Royal Road,,,,,,,,1,1,,1,,,hynoia,
oasitos-aoeuam,4,Royal Road,1,,,1,1,,,1,1,,,,,oasaoe,
oasos-eraerom,5,Royal Road,,,1,1,,,1,1,1,,1,,,oasera,
oasos-uromlum,5,Royal Road,1,1,1,1,1,,,,,,,,,oasuro,
oebitos-eraerom,5,Royal Road,,,1,1,,,1,1,1,,1,,,oebera,
oebitos-oyozam,5,Medium Black Road,,,1,1,1,,1,,1,,,,,oeboyo,
oebos-ixakaum,4,Royal Road,,,,,1,,1,1,1,,1,,,oebixa,
oeritos-ecunsum,7,Low Road,1,1,,1,1,,,,,,,,,oerecu,
oeritos-oyexlos,6,Low Black Road,,,1,1,1,,1,,,1,1,,,oeroye,
oetos-ofailos,7,Low Black Road,,,,,,,,1,1,,1,,,oetofa,
oetos-oyexlos,6,Low Black Road,,,1,1,1,,1,,,1,1,,,oetoye,
oieitos-ixakaum,4,Royal Road,,,,,1,,1,1,1,,1,,,oieixa,
oieos-umiutum,4,Royal Road,1,1,,,1,,,1,1,,1,,,oieumi,
oires-oloblum,7,Medium Black Road,,,1,,,,,1,1,,,,,oirolo,
oiritos-eramtum,6,Medium Black Road,1,1,1,1,1,,,,,,,,,oirera,
oiros-alaiam,8,Low Black Road,,,,,,,,1,1,,1,,,oirala,
oonitos-umiutum,4,Royal Road,1,1,,,1,,,1,1,,1,,,oonumi,
ooros-ataltum,6,High Road,1,1,,,,,,,1,1,,,,oorata,
ooros-ecunsum,7,Low Road,1,1,,1,1,,,,,,,,,oorecu,
oouitos-alaiam,8,Low Black Road,,,,,,,,1,1,,1,,,oouala,
oures-araosum,5,Royal Road,1,,,,,,,,1,,,,,ourara,
ouritos-ataltum,6,High Road,1,1,,,,,,,1,1,,,,ourata,
ouritos-ofailos,7,Low Black Road,,,,,,,,1,1,,1,,,ourofa,
ouyos-aoeuam,4,Royal Road,1,,,1,1,,,1,1,,,,,ouyaoe,
oynites-araosum,5,Royal Road,1,,,,,,,,1,,,,,oynara,
oynites-oloblum,7,Medium Black Road,,,1,,,,,1,1,,,,,oynolo,
oynitos-uromlum,5,Royal Road,1,1,1,1,1,,,,,,,,,oynuro,
oynos-eramtum,6,Medium Black Road,1,1,1,1,1,,,,,,,,,oynera,
oynos-oyozam,5,Medium Black Road,,,1,1,1,,1,,1,,,,,oynoyo,
pasos-avosam,5,Royal Road,,,,,,,1,1,1,,,,,pasavo,
pebos-avosrom,6,Low Black Road,,,,1,,,1,,1,1,1,,,pebavo,
peritos-avosam,5,Royal Road,,,,,,,1,1,1,,,,,peravo,
peritos-oconun,7,Low Road,1,,1,1,1,,,,1,1,,,,peroco,
peros-aiataum,7,Low Black Road,,,,1,1,,1,1,1,1,1,,,peraia,
petitos-amayam,4,Royal Road,1,,,,,,1,,1,,1,,,petama,
petitos-avosrom,6,Low Black Road,,,,1,,,1,,1,1,1,,,petavo,
petos-aietam,7,High Black Road,1,1,,1,1,,,,1,,1,,,petaie,
pieos-eterrom,8,Low Road,,1,1,1,1,,,,,,,,,pieete,
pieos-ofairom,7,Medium Black Road,1,,,1,,,,1,1,,1,,,pieofa,
pilitos-eterrom,8,Low Road,,1,1,1,1,,,,,,,,,pilete,
pirites-unatam,5,Medium Black Road,,1,,,,,1,,1,1,1,,,piruna,
piritos-ofavam,7,Low Black Road,,,,,,,,1,1,,,,,pirofa,
piritos-opabrom,8,Medium Road,,,,1,,,1,,1,1,,,,piropa,
ponitos-aiayrom,6,Low Road,,,1,1,,,,1,1,,1,,,ponaia,
poros-aiayrom,6,Low Road,,,1,1,,,,1,1,,1,,,poraia,
poros-oconun,7,Low Road,1,,1,1,1,,,,1,1,,,,poroco,
poues-unatam,5,Medium Black Road,,1,,,,,1,,1,1,1,,,pouuna,
pouitos-ofairom,7,Medium Black Road,1,,,1,,,,1,1,,1,,,pouofa,
pures-ouozlum,4,Royal Road,,,1,,,,,,,,,,,purouo,
puros-amayam,4,Royal Road,1,,,,,,1,,1,,1,,,purama,
puros-ofavam,7,Low Black Road,,,,,,,,1,1,,,,,purofa,
puyitos-aiataum,7,Low Black Road,,,,1,1,,1,1,1,1,1,,,puyaia,
pynites-ouozlum,4,Royal Road,,,1,,,,,,,,,,,pynouo,
pynitos-aietam,7,High Black Road,1,1,,1,1,,,,1,,1,,,pynaie,
pynos-opabrom,8,Medium Road,,,,1,,,1,,1,1,,,,pynopa,
qiient-al-nusom,5,Hideout Road,,,,1,,,,,1,,1,,,,
qiient-al-odesum,5,Hideout Road,,,,,1,,,,1,,1,,,,
qiient-al-qinsis,5,Hideout Road,,1,,,1,,,,,,1,,,,
qiient-al-tersas,5,Hideout Road,,,,,1,,,,,,1,,,,
qiient-al-viesis,5,Hideout Road,,1,,1,,,,,,,1,,,,
qiient-al-vynsis,5,Hideout Road,,,,,1,,,,1,,1,,,,
qiient-et-nusas,5,Hideout Road,1,,1,,,,,,,,1,,,,
qiient-et-odetis,5,Hideout Road,1,1,,,,,,,,,1,,,,
qiient-et-qinsum,5,Hideout Road,1,1,,,,,,,,,1,,,,
qiient-et-tertum,5,Hideout Road,,,1,1,,,,,,,1,,,,
qiient-in-nutis,5,Hideout Road,,,,1,1,,,,,,1,,,,
qiient-in-odetum,5,Hideout Road,1,1,,,,,,,,,1,,,,
qiient-in-qinsis,5,Hideout Road,,1,,,1,,,,,,1,,,,
qiient-in-tersom,5,Hideout Road,,,,1,,,,,1,,1,,,,
qiient-in-viesis,5,Hideout Road,,1,,1,,,,,,,1,,,,
qiient-in-vyntum,5,Hideout Road,1,,,,1,,,,,,1,,,,
qiient-nutis,5,Hideout Road,,,,1,1,,,,,,1,,,qiinut,
qiient-oc-odetum,5,Hideout Road,1,1,,,,,,,,,1,,,,
qiient-odesas,5,Hideout Road,1,1,,,1,,,,,,1,,,qiiode,
qiient-qi-nusom,5,Hideout Road,,,,1,,,,,1,,1,,,,
qiient-qi-odesas,5,Hideout Road,1,1,,,1,,,,,,1,,,,
qiient-qi-tersas,5,Hideout Road,,,,,1,,,,,,1,,,,
qiient-qi-vynsis,5,Hideout Road,,,,,1,,,,1,,1,,,,
qiient-qinsum,5,Hideout Road,1,1,,,,,,,,,1,,,qiiqin,
qiient-sa-odetis,5,Hideout Road,1,1,,,,,,,,,1,,,,
qiient-si-nusas,5,Hideout Road,1,,1,,,,,,,,1,,,,
qiient-si-odesum,5,Hideout Road,,,,,1,,,,1,,1,,,,
qiient-si-tertum,5,Hideout Road,,,1,1,,,,,,,1,,,,
qiient-tersom,5,Hideout Road,,,,1,,,,,1,,1,,,qiiter,
qiient-vyntum,5,Hideout Road,1,,,,1,,,,,,1,,,qiivyn,
qiitun-al-duosum,5,,,,1,,,,,,1,,1,,,,
qiitun-duosum,5,Deep Hideout Road,,,1,,,,,,1,,1,,,qiiduo,
qiitun-et-vietis,5,Deep Hideout Road,,,,1,,,,,1,,1,,,,
qiitun-et-vynsom,5,Deep Hideout Road,,,1,,,,,,,,1,,,,
qiitun-si-vynsom,5,Deep Hideout Road,,,1,,,,,,,,1,,,,
qiitun-vietis,5,Deep Hideout Road,,,,1,,,,,1,,1,,,qiivie,
quaent-al-nusis,4,Hideout Road,,1,1,,,,,,,,1,,,,
quaent-al-odesum,4,Hideout Road,1,,,,1,,,,,,1,,,,
quaent-al-qintis,4,Hideout Road,1,,,,,,,,1,,1,,,,
quaent-al-tersis,4,Hideout Road,1,1,,1,,,,,,,1,,,,
quaent-al-viesom,4,Hideout Road,1,,,1,,,,,,,1,,,,
quaent-al-vynsum,4,Hideout Road,1,,,,,,,,1,,1,,,,
quaent-in-nusis,4,Hideout Road,,1,1,,,,,,,,1,,,,
quaent-in-odesum,4,Hideout Road,1,,,,1,,,,,,1,,,,
quaent-qintis,4,Hideout Road,1,,,,,,,,1,,1,,,quaqin,
quaent-tersis,4,Hideout Road,1,1,,1,,,,,,,1,,,quater,
quaent-viesom,4,Hideout Road,1,,,1,,,,,,,1,,,quavie,
quaent-vynsum,4,Hideout Road,1,,,,,,,,1,,1,,,quavyn,
quatun-et-nusas,4,Deep Hideout Road,1,1,,1,,,,,,,1,,,,
quatun-et-odetum,4,Deep Hideout Road,1,1,1,,,,,,,,1,,,,
quatun-nusas,4,Deep Hideout Road,1,1,,1,,,,,,,1,,,quanus,
quatun-odetum,4,Deep Hideout Road,1,1,1,,,,,,,,1,,,quaode,
sases-aoarsum,6,Low Road,1,,,,,,,,1,,,,,sasaoa,
sases-avuotum,6,Low Black Road,,1,1,,,,,,1,,1,,,sasavu,
sasitos-oyarlum,8,Medium Black Road,1,,1,,,,1,1,1,,1,,,sasoya,
sasitos-ugersum,7,Low Black Road,1,1,,1,1,,,,,,,,,sasuge,
sasitos-umogaum,6,Low Road,1,1,1,,1,,1,,,,1,,,sasumo,
sasos-abizaum,7,Deep Road,,,,,1,1,,,,1,,,,sasabi,
sasos-egeylos,5,Low Black Road,,,,1,,,,1,1,,1,,,sasege,
sasos-oiozlum,5,High Black Road,,,1,,,,,1,1,,1,,,sasoio,
sebos-avoirom,4,Royal Road,,1,,1,,,,1,1,,1,,,sebavo,
sebos-oyohun,8,Deep Road,1,,,,,1,1,,,1,,,,seboyo,
sebos-ugersum,7,Low Black Road,1,1,,1,1,,,,,,,,,sebuge,
secent-al-duosom,6,Hideout Road,,1,1,,1,,,,1,,,,,,
secent-al-nutum,6,Hideout Road,,,1,1,,,,,,,1,,,,
secent-al-odetis,6,Hideout Road,,,1,,,,,,1,,1,,,,
secent-al-qinsom,6,Hideout Road,,,1,,1,,,,,,1,,,,
secent-al-tersum,6,Hideout Road,,1,,,,,,,1,,1,,,,
secent-al-viesum,6,Hideout Road,,,,1,1,,,,,,1,,,,
secent-duosom,6,Hideout Road,,1,1,,1,,,,1,,,,,secduo,
secent-et-odesis,6,Hideout Road,,,,1,1,,,,,,1,,,,
secent-et-qinsas,6,Hideout Road,,1,1,,,,,,1,,1,,,,
secent-et-vyntum,6,Hideout Road,1,,,1,,,,,,,1,,,,
secent-in-tersum,6,Hideout Road,,1,,,,,,,1,,1,,,,
secent-nutum,6,Hideout Road,,,1,1,,,,,,,1,,,secnut,
secent-odesom,6,Hideout Road,1,,,,1,,,,,,1,,,secode,
secent-qi-odesom,6,Hideout Road,1,,,,1,,,,,,1,,,,
secent-qi-qinsom,6,Hideout Road,,,1,,1,,,,,,1,,,,
secent-sa-odesis,6,Hideout Road,,,,1,1,,,,,,1,,,,
secent-si-odetis,6,Hideout Road,,,1,,,,,,1,,1,,,,
secent-si-qinsas,6,Hideout Road,,1,1,,,,,,1,,1,,,,
secent-viesum,6,Hideout Road,,,,1,1,,,,,,1,,,secvie,
secent-vyntum,6,Hideout Road,1,,,1,,,,,,,1,,,secvyn,
sectun-al-vyntis,6,Deep Hideout Road,,,1,1,,,,,,,1,,,,
sectun-et-tersas,6,Deep Hideout Road,1,,,,1,,,,,,1,,,,
sectun-in-odesis,6,Deep Hideout Road,,1,,1,,,,,1,,1,,,,
sectun-in-qinsom,6,Deep Hideout Road,1,,,,,,,,1,,1,,,,
sectun-in-vyntis,6,Deep Hideout Road,,,1,1,,,,,,,1,,,,
sectun-oc-odesis,6,Deep Hideout Road,,1,,1,,,,,1,,1,,,,
sectun-qinsom,6,Deep Hideout Road,1,,,,,,,,1,,1,,,secqin,
sectun-tersas,6,Deep Hideout Road,1,,,,1,,,,,,1,,,secter,
seritos-egeylos,5,Low Black Road,,,,1,,,,1,1,,1,,,serege,
seritos-onaytum,5,Medium Black Road,1,1,1,,,,1,,1,,1,,,serona,
setent-al-duosas,7,Hideout Road,1,,,,1,,,,1,,1,,,,
setent-al-qinsum,7,Hideout Road,,1,1,,,,,,,1,1,,,,
setent-al-vietis,7,Hideout Road,,1,,,,,,,1,1,,,,,
setent-duosas,7,Hideout Road,1,,,,1,,,,1,,1,,,setduo,
setent-et-nusum,7,Hideout Road,,1,,1,,,,,1,,,,,,
setent-et-qintis,7,Hideout Road,,,1,1,,,,,1,,,,,,
setent-in-qinsum,7,Hideout Road,,1,1,,,,,,,1,1,,,,
setent-nusum,7,Hideout Road,,1,,1,,,,,1,,,,,setnus,
setent-qintis,7,Hideout Road,,,1,1,,,,,1,,,,,setqin,
setent-vietis,7,Hideout Road,,1,,,,,,,1,1,,,,setvie,
setitos-obobrom,6,High Black Road,,1,,1,,,,1,1,,,,,setobo,
setos-aiaitum,7,Low Black Road,1,1,,,,,1,,,,1,,,setaia,
setos-avamsum,5,Low Black Road,1,,,,1,,,,1,,1,,,setava,
settun-al-nusis,7,Deep Hideout Road,,1,,1,,,,,,1,1,,,,
settun-al-odetum,7,Deep Hideout Road,,1,,,1,,,,1,,1,,,,
settun-al-tersom,7,Deep Hideout Road,,1,,,,,,,1,1,,,,,
settun-al-vynsis,7,Deep Hideout Road,1,,1,,,,,,1,,1,,,,
settun-et-odetum,7,Deep Hideout Road,,,1,,1,,,,1,,1,,,,
settun-in-nusis,7,Deep Hideout Road,,1,,1,,,,,,1,1,,,,
settun-in-odetum,7,Deep Hideout Road,,1,,,1,,,,1,,1,,,,
settun-odetum,7,Deep Hideout Road,,,1,,1,,,,1,,1,,,setode,
settun-tersom,7,Deep Hideout Road,,1,,,,,,,1,1,,,,setter,
settun-vynsis,7,Deep Hideout Road,1,,1,,,,,,1,,1,,,setvyn,
sieos-ofugtum,7,Medium Black Road,,1,,,1,,,1,1,,1,,,sieofu,
silitos-abizaum,7,Deep Road,,,,,1,1,,,,1,,,,silabi,
silos-apenlum,6,Low Road,1,1,1,1,,,,,,,,,,silape,
silos-oyarlum,8,Medium Black Road,1,,1,,,,1,1,1,,1,,,siloya,
siritos-avoirom,4,Royal Road,,1,,1,,,,1,1,,1,,,siravo,
siritos-oyohun,8,Deep Road,1,,,,,1,1,,,1,,,,siroyo,
siros-obobrom,6,High Black Road,,1,,1,,,,1,1,,,,,sirobo,
siros-ofurlos,8,Low Black Road,1,1,,,,,,1,1,,1,,,sirofu,
sonitos-ayailos,6,Low Road,,,,,,,1,,1,,1,,,sonaya,
soritos-aiaitum,7,Low Black Road,1,1,,,,,1,,,,1,,,soraia,
soritos-apenlum,6,Low Road,1,1,1,1,,,,,,,,,,sorape,
soritos-avamsum,5,Low Black Road,1,,,,1,,,,1,,1,,,sorava,
soros-axaesum,4,Royal Road,1,,,,,,,,1,,1,,,soraxa,
soues-uzurtum,6,Medium Road,,1,1,,,,,,,,,,,souuzu,
souitos-oiozlum,5,High Black Road,,,1,,,,,1,1,,1,,,souoio,
souos-availos,7,Low Black Road,,1,,,,,,,1,,1,,,souava,
souos-ososlos,6,Low Black Road,,,,,,,1,,1,,1,,,souoso,
souos-umogaum,6,Low Road,1,1,1,,1,,1,,,,1,,,souumo,
suyites-avuotum,6,Low Black Road,,1,1,,,,,,1,,1,,,suyavu,
suyites-uzurtum,6,Medium Road,,1,1,,,,,,,,,,,suyuzu,
suyitos-axaesum,4,Royal Road,1,,,,,,,,1,,1,,,suyaxa,
suyitos-ofugtum,7,Medium Black Road,,1,,,1,,,1,1,,1,,,suyofu,
suyitos-oyarlos,8,Low Road,1,,1,,1,,1,,,,1,,,suyoya,
suyos-onaytum,5,Medium Black Road,1,1,1,,,,1,,1,,1,,,suyona,
synites-aoarsum,6,Low Road,1,,,,,,,,1,,,,,synaoa,
synitos-availos,7,Low Black Road,,1,,,,,,,1,,1,,,synava,
synitos-ofurlos,8,Low Black Road,1,1,,,,,,1,1,,1,,,synofu,
synitos-ososlos,6,Low Black Road,,,,,,,1,,1,,1,,,synoso,
synos-ayailos,6,Low Road,,,,,,,1,,1,,1,,,synaya,
synos-oyarlos,8,Low Road,1,,1,,1,,1,,,,1,,,synoya,
tasitos-obayam,5,Low Black Road,,,,,,,,1,1,,1,,,tasoba,
tasitos-ulaurom,5,Royal Road,1,1,,1,1,,,,,,,,,tasula,
tasos-iriglos,7,Medium Black Road,,1,,,1,,,,1,,1,,,tasiri,
tebitos-igaelum,5,Royal Road,,1,1,1,1,,,,1,,1,,,tebiga,
tebitos-odoxlum,7,Medium Black Road,,,1,,,,,,,,1,,,tebodo,
teros-auiusum,4,Royal Road,1,,1,1,1,,,,,,,,,teraui,
tetitos-ayoslum,6,Low Road,1,,1,,1,,1,,1,,1,,,tetayo,
tetos-igaelum,5,Royal Road,,1,1,1,1,,,,1,,1,,,tetiga,
tetos-ulaurom,5,Royal Road,1,1,,1,1,,,,,,,,,tetula,
tieitos-eyexrom,6,Low Black Road,,1,,1,,,,,1,,,,,tieeye,
tieitos-ouultum,5,Low Black Road,,1,1,1,,,,,,,,,,tieouu,
tieos-ayoslum,6,Low Road,1,,1,,1,,1,,1,,1,,,tieayo,
tilitos-ataglos,7,Low Road,,,1,,1,,1,,,1,1,,,tilata,
tiros-odoxlum,7,Medium Black Road,,,1,,,,,,,,1,,,tirodo,
tiros-ouultum,5,Low Black Road,,1,1,1,,,,,,,,,,tirouu,
tonitos-igurlum,7,Low Black Road,1,1,1,1,1,,,,,,1,,,tonigu,
tonitos-uxavrom,7,Low Black Road,,1,,1,1,,,,1,,,,,tonuxa,
tonos-aboysum,8,Deep Road,1,1,1,,,,1,,,1,,,,tonabo,
tonos-obayam,5,Low Black Road,,,,,,,,1,1,,1,,,tonoba,
toritos-iriglos,7,Medium Black Road,,1,,,1,,,,1,,1,,,toriri,
touos-ataglos,7,Low Road,,,1,,1,,1,,,1,1,,,touata,
touos-uoemtum,4,Royal Road,1,1,1,1,,,,,,,1,,,touuoe,
turitos-atatlos,5,Low Road,,,,,,,1,,1,1,1,,,turata,
turitos-uoemtum,4,Royal Road,1,1,1,1,,,,,,,1,,,turuoe,
tuyitos-aboysum,8,Deep Road,1,1,1,,,,1,,,1,,,,tuyabo,
tuyitos-auiusum,4,Royal Road,1,,1,1,1,,,,,,,,,tuyaui,
tynos-atatlos,5,Low Road,,,,,,,1,,1,1,1,,,tynata,
tynos-eyexrom,6,Low Black Road,,1,,1,,,,,1,,,,,tyneye,
tynos-igurlum,7,Low Black Road,1,1,1,1,1,,,,,,1,,,tynigu,
tynos-uxavrom,7,Low Black Road,,1,,1,1,,,,1,,,,,tynuxa,
xases-ataglos,7,Medium Black Road,1,,,1,,,,,1,1,1,,,xasata,
xases-oxoulum,6,Low Black Road,,,1,,,,,1,1,,,,,xasoxo,
xasos-aeoilos,4,Royal Road,,,,,,,,1,1,,1,,,xasaeo,
xasos-aoemaum,6,Low Black Road,1,1,1,1,1,,,,,,1,,,xasaoe,
xasos-oneulum,5,Medium Black Road,1,,1,1,1,,,,1,,1,,,xasone,
xebitos-oyogam,5,High Black Road,1,,1,1,,,1,,1,,1,,,xeboyo,
xebos-emimsum,6,Low Black Road,1,,1,1,1,,,,,,,,,xebemi,
xebos-exostum,6,Low Black Road,1,1,1,1,,,1,,1,,,,,xebexo,
xerites-oxoulum,6,Low Black Road,,,1,,,,,1,1,,,,,xeroxo,
xetitos-emimsum,6,Low Black Road,1,,1,1,1,,,,,,,,,xetemi,
xetitos-oneulum,5,Medium Black Road,1,,1,1,1,,,,1,,1,,,xetone,
xetos-obursum,7,Low Black Road,1,1,,1,,,,1,1,,1,,,xetobu,
xiles-aiavlum,6,Low Road,,,1,,,,,,1,,1,,,xilaia,
xilitos-aoemaum,6,Low Black Road,1,1,1,1,1,,,,,,1,,,xilaoe,
xilos-osayam,6,Low Black Road,,,,,,,1,1,1,,1,,,xilosa,
xiros-aiairom,8,Medium Black Road,,,,1,,,,,1,,1,,,xiraia,
xonites-aiavlum,6,Low Road,,,1,,,,,,1,,1,,,xonaia,
xoritos-aiairom,8,Medium Black Road,,,,1,,,,,1,,1,,,xoraia,
xoritos-exostum,6,Low Black Road,1,1,1,1,,,1,,1,,,,,xorexo,
xoritos-osayam,6,Low Black Road,,,,,,,1,1,1,,1,,,xorosa,
xouitos-aeoilos,4,Royal Road,,,,,,,,1,1,,1,,,xouaeo,
xouitos-eyoztum,4,Royal Road,,1,1,1,1,,,,,,1,,,xoueyo,
xouos-aioblos,5,Royal Road,1,,,,1,,,1,1,,1,,,xouaio,
xurites-ataglos,7,Medium Black Road,1,,,1,,,,,1,1,1,,,xurata,
xuros-eyoztum,4,Royal Road,,1,1,1,1,,,,,,1,,,xureyo,
xuyitos-aioblos,5,Royal Road,1,,,,1,,,1,1,,1,,,xuyaio,
xynitos-obursum,7,Low Black Road,1,1,,1,,,,1,1,,1,,,xynobu,
xynos-oyogam,5,High Black Road,1,,1,1,,,1,,1,,1,,,xynoyo,
